timestamp,car_id,speed,lat,lon,road_id
2025-04-06 06:00:00,7649,63.29,43.658408,-79.382332,2
2025-04-06 06:00:05,5307,72.37,43.644175,-79.390074,3
2025-04-06 06:00:10,7228,50.4,43.710849,-79.336321,7
2025-04-06 06:00:15,4366,68.67,43.702869,-79.401207,1
2025-04-06 06:00:20,8070,57.22,43.709181,-79.336728,7
2025-04-06 06:00:25,7153,39.48,43.680566,-79.369062,4
2025-04-06 06:00:30,5395,48.93,43.661021,-79.380771,2
2025-04-06 06:00:35,7296,92.9,43.734338,-79.317849,9
2025-04-06 06:00:40,1607,69.12,43.693078,-79.361896,6
2025-04-06 06:00:45,8710,31.7,43.639686,-79.394346,3
2025-04-06 06:00:50,6148,58.32,43.668296,-79.348032,5
2025-04-06 06:00:55,6136,46.5,43.65224,-79.385263,0
2025-04-06 06:01:00,6755,44.64,43.655681,-79.378953,0
2025-04-06 06:01:05,1556,33.54,43.713165,-79.341406,7
2025-04-06 06:01:10,3190,44.18,43.683943,-79.372191,4
2025-04-06 06:01:15,3845,24.0,43.639591,-79.390446,3
2025-04-06 06:01:20,7208,29.91,43.713084,-79.337872,7
2025-04-06 06:01:25,7480,46.5,43.705553,-79.342395,7
2025-04-06 06:01:30,6661,60.1,43.662811,-79.378585,2
2025-04-06 06:01:35,3570,11.08,43.657644,-79.378842,2
2025-04-06 06:01:40,1463,48.29,43.663245,-79.38084,2
2025-04-06 06:01:45,9514,76.16,43.733964,-79.320712,9
2025-04-06 06:01:50,3184,59.29,43.655694,-79.383049,0
2025-04-06 06:01:55,5609,38.35,43.732721,-79.3178,9
2025-04-06 06:02:00,9107,64.61,43.657317,-79.387832,0
2025-04-06 06:02:05,7451,32.58,43.715327,-79.330935,8
2025-04-06 06:02:10,1242,56.79,43.63829,-79.393206,3
2025-04-06 06:02:15,9824,49.56,43.657367,-79.37906,0
2025-04-06 06:02:20,8373,44.98,43.64063,-79.39443,3
2025-04-06 06:02:25,7645,59.05,43.708691,-79.340907,7
2025-04-06 06:02:30,6986,52.11,43.653984,-79.383511,0
2025-04-06 06:02:35,6217,31.94,43.642279,-79.385535,3
2025-04-06 06:02:40,8791,73.32,43.651927,-79.386431,0
2025-04-06 06:02:45,4290,12.91,43.72364,-79.33082,8
2025-04-06 06:02:50,6299,51.3,43.697223,-79.395634,1
2025-04-06 06:02:55,1989,10.61,43.666068,-79.350764,5
2025-04-06 06:03:00,5095,34.78,43.644877,-79.389815,3
2025-04-06 06:03:05,3303,40.9,43.699178,-79.402872,1
2025-04-06 06:03:10,9530,68.84,43.650795,-79.383051,0
2025-04-06 06:03:15,9616,40.53,43.714235,-79.343705,7
2025-04-06 06:03:20,9056,63.33,43.667003,-79.346697,5
2025-04-06 06:03:25,1467,63.41,43.635112,-79.391332,3
2025-04-06 06:03:30,2223,46.81,43.715515,-79.327426,8
2025-04-06 06:03:35,8178,47.72,43.730331,-79.317541,9
2025-04-06 06:03:40,6089,55.26,43.656365,-79.379959,2
2025-04-06 06:03:45,9639,59.82,43.732563,-79.323395,9
2025-04-06 06:03:50,5590,44.31,43.644044,-79.388619,3
2025-04-06 06:03:55,7978,14.14,43.651726,-79.38063,0
2025-04-06 06:04:00,3412,65.82,43.722418,-79.326876,8
2025-04-06 06:04:05,3978,54.35,43.660847,-79.375189,2
2025-04-06 06:04:10,3694,90.91,43.689698,-79.364056,6
2025-04-06 06:04:15,6276,26.41,43.675897,-79.370883,4
2025-04-06 06:04:20,2215,83.8,43.674054,-79.35468,5
2025-04-06 06:04:25,9813,66.82,43.655323,-79.383435,2
2025-04-06 06:04:30,5938,58.8,43.667106,-79.354662,5
2025-04-06 06:04:35,6797,42.02,43.657407,-79.376196,2
2025-04-06 06:04:40,8051,57.08,43.70438,-79.399122,1
2025-04-06 06:04:45,9828,38.68,43.657379,-79.379972,2
2025-04-06 06:04:50,6023,20.61,43.708421,-79.340992,7
2025-04-06 06:04:55,3408,63.63,43.733272,-79.321762,9
2025-04-06 06:05:00,1106,48.23,43.734946,-79.324502,9
2025-04-06 06:05:05,4940,49.52,43.651963,-79.383891,0
2025-04-06 06:05:10,3683,54.59,43.657955,-79.37744,2
2025-04-06 06:05:15,3345,64.06,43.664941,-79.375131,2
2025-04-06 06:05:20,7338,57.73,43.661476,-79.37579,2
2025-04-06 06:05:25,7793,26.94,43.6576,-79.38228,2
2025-04-06 06:05:30,4239,0.15,43.719977,-79.329549,8
2025-04-06 06:05:35,1791,38.09,43.693788,-79.356766,6
2025-04-06 06:05:40,5724,45.26,43.696104,-79.401746,1
2025-04-06 06:05:45,1449,52.75,43.723267,-79.329153,8
2025-04-06 06:05:50,2427,66.4,43.680939,-79.368981,4
2025-04-06 06:05:55,3437,31.69,43.72294,-79.32611,8
2025-04-06 06:06:00,5129,58.19,43.669911,-79.348621,5
2025-04-06 06:06:05,9937,50.95,43.723925,-79.328505,8
2025-04-06 06:06:10,4351,55.84,43.640424,-79.392939,3
2025-04-06 06:06:15,3090,64.32,43.670286,-79.347423,5
2025-04-06 06:06:20,1128,76.52,43.66309,-79.383995,2
2025-04-06 06:06:25,6540,49.67,43.679766,-79.372161,4
2025-04-06 06:06:30,8445,55.71,43.714139,-79.33766,7
2025-04-06 06:06:35,7637,14.5,43.692368,-79.363638,6
2025-04-06 06:06:40,9797,86.1,43.661759,-79.384682,2
2025-04-06 06:06:45,4410,81.55,43.721337,-79.328399,8
2025-04-06 06:06:50,6235,37.09,43.712543,-79.341341,7
2025-04-06 06:06:55,4719,62.89,43.704659,-79.402259,1
2025-04-06 06:07:00,8909,61.49,43.65661,-79.37899,2
2025-04-06 06:07:05,5187,68.29,43.65095,-79.383497,0
2025-04-06 06:07:10,2863,33.32,43.717592,-79.334181,8
2025-04-06 06:07:15,4888,46.05,43.675759,-79.372104,4
2025-04-06 06:07:20,9971,18.84,43.664423,-79.384137,2
2025-04-06 06:07:25,5247,47.88,43.694459,-79.355149,6
2025-04-06 06:07:30,6737,75.26,43.668927,-79.353393,5
2025-04-06 06:07:35,4191,59.06,43.636428,-79.394979,3
2025-04-06 06:07:40,8198,117.94,43.684942,-79.36573,4
2025-04-06 06:07:45,1505,55.77,43.694324,-79.361928,6
2025-04-06 06:07:50,5946,32.85,43.708509,-79.336485,7
2025-04-06 06:07:55,8767,61.45,43.674808,-79.348506,5
2025-04-06 06:08:00,4274,35.23,43.65523,-79.380992,2
2025-04-06 06:08:05,7487,56.57,43.705303,-79.340938,7
2025-04-06 06:08:10,8721,87.28,43.708808,-79.33695,7
2025-04-06 06:08:15,6945,59.79,43.668348,-79.351739,5
2025-04-06 06:08:20,9908,50.94,43.707707,-79.344935,7
2025-04-06 06:08:25,3626,93.03,43.63604,-79.386818,3
2025-04-06 06:08:30,5581,38.61,43.661304,-79.38276,2
2025-04-06 06:08:35,9115,4.16,43.679351,-79.373129,4
2025-04-06 06:08:40,9079,60.97,43.699756,-79.398494,1
2025-04-06 06:08:45,4009,32.63,43.725473,-79.321905,9
2025-04-06 06:08:50,1304,45.88,43.724412,-79.326255,8
2025-04-06 06:08:55,6568,79.9,43.684694,-79.368207,4
2025-04-06 06:09:00,6286,65.84,43.661716,-79.384015,2
2025-04-06 06:09:05,7738,100.73,43.653813,-79.387966,0
2025-04-06 06:09:10,9888,23.32,43.718521,-79.328881,8
2025-04-06 06:09:15,3369,28.92,43.676998,-79.370399,4
2025-04-06 06:09:20,2031,34.85,43.651082,-79.384009,0
2025-04-06 06:09:25,1181,85.86,43.718542,-79.326213,8
2025-04-06 06:09:30,6575,31.18,43.732913,-79.324371,9
2025-04-06 06:09:35,4495,51.15,43.655853,-79.380053,2
2025-04-06 06:09:40,1216,22.78,43.635294,-79.391818,3
2025-04-06 06:09:45,3417,44.18,43.698104,-79.395173,1
2025-04-06 06:09:50,3663,54.57,43.659805,-79.380103,2
2025-04-06 06:09:55,3519,72.06,43.670556,-79.347476,5
2025-04-06 06:10:00,8231,20.55,43.665321,-79.349677,5
2025-04-06 06:10:05,6535,52.03,43.640382,-79.389912,3
2025-04-06 06:10:10,2107,84.19,43.663141,-79.382089,2
2025-04-06 06:10:15,6504,58.09,43.659866,-79.380657,2
2025-04-06 06:10:20,5098,52.6,43.640478,-79.388391,3
2025-04-06 06:10:25,7941,88.95,43.694596,-79.357773,6
2025-04-06 06:10:30,2751,66.28,43.688425,-79.355528,6
2025-04-06 06:10:35,7256,18.71,43.649259,-79.388033,0
2025-04-06 06:10:40,3129,68.43,43.714085,-79.337356,7
2025-04-06 06:10:45,5603,41.45,43.667529,-79.351852,5
2025-04-06 06:10:50,7032,74.57,43.716547,-79.329407,8
2025-04-06 06:10:55,6893,57.98,43.699987,-79.398595,1
2025-04-06 06:11:00,2571,60.97,43.713707,-79.340341,7
2025-04-06 06:11:05,6993,69.62,43.714572,-79.344227,7
2025-04-06 06:11:10,3900,48.68,43.708722,-79.340882,7
2025-04-06 06:11:15,7530,25.4,43.668659,-79.354083,5
2025-04-06 06:11:20,1180,63.61,43.727028,-79.322531,9
2025-04-06 06:11:25,3530,16.31,43.679194,-79.371066,4
2025-04-06 06:11:30,2961,42.22,43.70327,-79.395854,1
2025-04-06 06:11:35,4098,70.42,43.670208,-79.348062,5
2025-04-06 06:11:40,8693,37.34,43.643982,-79.388772,3
2025-04-06 06:11:45,1500,23.78,43.636361,-79.387948,3
2025-04-06 06:11:50,3313,42.12,43.672031,-79.350088,5
2025-04-06 06:11:55,6283,60.09,43.687459,-79.358815,6
2025-04-06 06:12:00,2974,38.87,43.714637,-79.336284,7
2025-04-06 06:12:05,5596,52.75,43.711171,-79.337363,7
2025-04-06 06:12:10,3097,46.56,43.67196,-79.348883,5
2025-04-06 06:12:15,6799,49.66,43.708545,-79.343104,7
2025-04-06 06:12:20,1299,47.66,43.717349,-79.329785,8
2025-04-06 06:12:25,4818,37.67,43.699726,-79.402359,1
2025-04-06 06:12:30,6253,62.75,43.656612,-79.376576,2
2025-04-06 06:12:35,6157,22.75,43.653963,-79.386672,0
2025-04-06 06:12:40,2932,64.02,43.723404,-79.33167,8
2025-04-06 06:12:45,6004,40.71,43.635674,-79.389248,3
2025-04-06 06:12:50,9345,63.7,43.726739,-79.322206,9
2025-04-06 06:12:55,3643,47.04,43.6558,-79.383655,0
2025-04-06 06:13:00,5595,68.43,43.724743,-79.325803,8
2025-04-06 06:13:05,1609,38.62,43.681075,-79.372439,4
2025-04-06 06:13:10,8297,25.47,43.671332,-79.351923,5
2025-04-06 06:13:15,4754,36.74,43.662115,-79.377768,2
2025-04-06 06:13:20,4509,56.04,43.684767,-79.369961,4
2025-04-06 06:13:25,5064,11.22,43.695628,-79.403575,1
2025-04-06 06:13:30,2710,74.56,43.656706,-79.387148,0
2025-04-06 06:13:35,9278,34.75,43.726481,-79.323851,9
2025-04-06 06:13:40,3459,57.13,43.653959,-79.384076,0
2025-04-06 06:13:45,7724,50.51,43.726843,-79.318397,9
2025-04-06 06:13:50,7671,61.16,43.687871,-79.363071,6
2025-04-06 06:13:55,9727,31.67,43.697136,-79.399749,1
2025-04-06 06:14:00,3174,29.76,43.638356,-79.390123,3
2025-04-06 06:14:05,7462,73.84,43.683641,-79.371916,4
2025-04-06 06:14:10,9747,20.08,43.721362,-79.333549,8
2025-04-06 06:14:15,4615,49.33,43.7156,-79.327962,8
2025-04-06 06:14:20,5901,37.59,43.659861,-79.376317,2
2025-04-06 06:14:25,1636,55.06,43.637963,-79.386714,3
2025-04-06 06:14:30,3289,59.63,43.637356,-79.38969,3
2025-04-06 06:14:35,5264,48.53,43.667525,-79.347917,5
2025-04-06 06:14:40,9818,67.53,43.657006,-79.382687,0
2025-04-06 06:14:45,4000,37.26,43.705179,-79.344708,7
2025-04-06 06:14:50,9845,33.29,43.732796,-79.323571,9
2025-04-06 06:14:55,6363,66.03,43.642019,-79.388442,3
2025-04-06 06:15:00,1474,17.2,43.693934,-79.36305,6
2025-04-06 06:15:05,5975,28.79,43.713498,-79.340564,7
2025-04-06 06:15:10,2687,7.32,43.65701,-79.383174,2
2025-04-06 06:15:15,2098,28.77,43.718937,-79.326928,8
2025-04-06 06:15:20,7048,66.79,43.666842,-79.345259,5
2025-04-06 06:15:25,8779,74.77,43.637116,-79.38621,3
2025-04-06 06:15:30,7194,50.33,43.710139,-79.343305,7
2025-04-06 06:15:35,2088,35.46,43.713501,-79.337572,7
2025-04-06 06:15:40,9566,44.44,43.667609,-79.346916,5
2025-04-06 06:15:45,7246,19.54,43.69078,-79.355073,6
2025-04-06 06:15:50,8465,74.8,43.677619,-79.372736,4
2025-04-06 06:15:55,2479,62.35,43.694011,-79.361457,6
2025-04-06 06:16:00,9589,49.38,43.69747,-79.404215,1
2025-04-06 06:16:05,3533,73.19,43.644527,-79.394659,3
2025-04-06 06:16:10,5824,56.4,43.693818,-79.35894,6
2025-04-06 06:16:15,2406,45.32,43.688504,-79.356638,6
2025-04-06 06:16:20,5966,57.63,43.720327,-79.328342,8
2025-04-06 06:16:25,2107,30.25,43.675414,-79.372014,4
2025-04-06 06:16:30,3320,59.68,43.69704,-79.397087,1
2025-04-06 06:16:35,6102,25.07,43.675789,-79.370619,4
2025-04-06 06:16:40,7036,32.01,43.718039,-79.327784,8
2025-04-06 06:16:45,5183,58.39,43.717305,-79.330701,8
2025-04-06 06:16:50,8102,57.82,43.704842,-79.397829,1
2025-04-06 06:16:55,3213,14.21,43.685901,-79.355903,6
2025-04-06 06:17:00,3253,54.1,43.717955,-79.33452,8
2025-04-06 06:17:05,5389,68.56,43.676413,-79.373159,4
2025-04-06 06:17:10,8363,27.16,43.640542,-79.385006,3
2025-04-06 06:17:15,7225,55.51,43.658341,-79.384347,2
2025-04-06 06:17:20,1583,66.69,43.728816,-79.32313,9
2025-04-06 06:17:25,6519,40.13,43.674846,-79.350673,5
2025-04-06 06:17:30,3196,36.27,43.651728,-79.378421,0
2025-04-06 06:17:35,7615,72.08,43.673393,-79.352688,5
2025-04-06 06:17:40,8125,75.91,43.72159,-79.329544,8
2025-04-06 06:17:45,7680,30.63,43.704832,-79.401488,1
2025-04-06 06:17:50,1585,36.06,43.698238,-79.396798,1
2025-04-06 06:17:55,2259,72.77,43.648838,-79.38262,0
2025-04-06 06:18:00,4671,7.55,43.654836,-79.382491,0
2025-04-06 06:18:05,6091,53.9,43.729651,-79.323429,9
2025-04-06 06:18:10,6764,32.38,43.681669,-79.37137,4
2025-04-06 06:18:15,1005,61.52,43.670734,-79.353738,5
2025-04-06 06:18:20,8181,50.11,43.725961,-79.323645,9
2025-04-06 06:18:25,3129,30.41,43.651205,-79.386934,0
2025-04-06 06:18:30,3068,39.28,43.653108,-79.386344,0
2025-04-06 06:18:35,9301,86.78,43.659585,-79.379939,2
2025-04-06 06:18:40,8787,47.62,43.719148,-79.330999,8
2025-04-06 06:18:45,4248,71.57,43.669207,-79.347117,5
2025-04-06 06:18:50,7910,40.74,43.66054,-79.376681,2
2025-04-06 06:18:55,5623,59.08,43.681941,-79.369896,4
2025-04-06 06:19:00,4371,28.82,43.665847,-79.345495,5
2025-04-06 06:19:05,7683,47.58,43.667767,-79.353863,5
2025-04-06 06:19:10,7695,37.58,43.717992,-79.333535,8
2025-04-06 06:19:15,6081,36.07,43.638276,-79.39455,3
2025-04-06 06:19:20,3657,11.76,43.703061,-79.395697,1
2025-04-06 06:19:25,9217,58.37,43.720738,-79.332518,8
2025-04-06 06:19:30,9135,37.3,43.691544,-79.361659,6
2025-04-06 06:19:35,5097,39.07,43.635646,-79.388443,3
2025-04-06 06:19:40,3047,17.18,43.689854,-79.357531,6
2025-04-06 06:19:45,9649,53.31,43.697974,-79.399929,1
2025-04-06 06:19:50,3707,40.86,43.725873,-79.319571,9
2025-04-06 06:19:55,9858,12.83,43.661121,-79.375592,2
2025-04-06 06:20:00,2531,50.69,43.706531,-79.337396,7
2025-04-06 06:20:05,3789,114.05,43.642159,-79.391838,3
2025-04-06 06:20:10,2781,40.52,43.69436,-79.356635,6
2025-04-06 06:20:15,8320,58.86,43.731622,-79.319926,9
2025-04-06 06:20:20,6013,58.29,43.685135,-79.363461,6
2025-04-06 06:20:25,7650,26.7,43.712716,-79.343914,7
2025-04-06 06:20:30,9168,76.05,43.650113,-79.382695,0
2025-04-06 06:20:35,4723,54.25,43.639884,-79.394916,3
2025-04-06 06:20:40,3226,53.22,43.723185,-79.327892,8
2025-04-06 06:20:45,2533,27.7,43.716874,-79.331317,8
2025-04-06 06:20:50,9076,13.59,43.65684,-79.381454,2
2025-04-06 06:20:55,5614,35.5,43.662507,-79.379406,2
2025-04-06 06:21:00,8913,55.11,43.638862,-79.387999,3
2025-04-06 06:21:05,6414,45.71,43.723626,-79.327088,8
2025-04-06 06:21:10,1785,48.41,43.678215,-79.366551,4
2025-04-06 06:21:15,5504,22.97,43.710902,-79.339694,7
2025-04-06 06:21:20,6284,8.56,43.715127,-79.333465,8
2025-04-06 06:21:25,1272,52.25,43.673988,-79.354384,5
2025-04-06 06:21:30,7888,91.78,43.677048,-79.371581,4
2025-04-06 06:21:35,4695,45.51,43.665834,-79.352517,5
2025-04-06 06:21:40,5302,96.08,43.676656,-79.371542,4
2025-04-06 06:21:45,6090,58.11,43.656483,-79.38264,2
2025-04-06 06:21:50,5158,61.62,43.719931,-79.327799,8
2025-04-06 06:21:55,4912,78.14,43.641635,-79.394552,3
2025-04-06 06:22:00,6848,65.88,43.641791,-79.39219,3
2025-04-06 06:22:05,1659,63.15,43.704087,-79.398001,1
2025-04-06 06:22:10,8124,42.07,43.717661,-79.329222,8
2025-04-06 06:22:15,7670,54.82,43.728456,-79.323061,9
2025-04-06 06:22:20,9623,55.96,43.693987,-79.364661,6
2025-04-06 06:22:25,3902,104.67,43.678917,-79.36557,4
2025-04-06 06:22:30,7669,48.55,43.637173,-79.385051,3
2025-04-06 06:22:35,7790,58.4,43.687236,-79.35555,6
2025-04-06 06:22:40,2864,85.81,43.720572,-79.325481,8
2025-04-06 06:22:45,8274,25.08,43.69177,-79.355741,6
2025-04-06 06:22:50,1951,46.92,43.656107,-79.380093,2
2025-04-06 06:22:55,1002,21.05,43.661862,-79.380458,2
2025-04-06 06:23:00,3019,31.22,43.683992,-79.365227,4
2025-04-06 06:23:05,6454,38.42,43.703752,-79.39827,1
2025-04-06 06:23:10,5179,37.68,43.721483,-79.328726,8
2025-04-06 06:23:15,5805,28.45,43.661965,-79.3765,2
2025-04-06 06:23:20,7836,64.58,43.641394,-79.387241,3
2025-04-06 06:23:25,8154,48.5,43.653959,-79.382976,0
2025-04-06 06:23:30,6109,39.19,43.636589,-79.391311,3
2025-04-06 06:23:35,2245,59.96,43.700268,-79.402542,1
2025-04-06 06:23:40,1604,76.85,43.691291,-79.361822,6
2025-04-06 06:23:45,3547,91.95,43.714588,-79.335493,7
2025-04-06 06:23:50,9713,26.86,43.708114,-79.344489,7
2025-04-06 06:23:55,1007,19.38,43.717457,-79.334423,8
2025-04-06 06:24:00,4232,56.99,43.733333,-79.317194,9
2025-04-06 06:24:05,5884,44.82,43.673819,-79.350087,5
2025-04-06 06:24:10,4181,65.62,43.686954,-79.363918,6
2025-04-06 06:24:15,6786,72.85,43.70785,-79.335459,7
2025-04-06 06:24:20,6774,45.12,43.722306,-79.332061,8
2025-04-06 06:24:25,4619,26.42,43.685549,-79.360328,6
2025-04-06 06:24:30,3405,16.87,43.708658,-79.340147,7
2025-04-06 06:24:35,9065,55.32,43.69164,-79.361961,6
2025-04-06 06:24:40,7360,82.96,43.697428,-79.404756,1
2025-04-06 06:24:45,5793,43.1,43.714051,-79.340256,7
2025-04-06 06:24:50,9357,65.53,43.728589,-79.31741,9
2025-04-06 06:24:55,8640,50.67,43.643676,-79.388493,3
2025-04-06 06:25:00,8982,42.08,43.651267,-79.378852,0
2025-04-06 06:25:05,3356,63.82,43.705113,-79.336786,7
2025-04-06 06:25:10,2169,39.3,43.669351,-79.34748,5
2025-04-06 06:25:15,8748,59.2,43.655604,-79.376801,2
2025-04-06 06:25:20,9981,32.32,43.708786,-79.342823,7
2025-04-06 06:25:25,6397,26.1,43.698738,-79.404136,1
2025-04-06 06:25:30,2340,75.71,43.690339,-79.355414,6
2025-04-06 06:25:35,4632,42.3,43.672444,-79.354925,5
2025-04-06 06:25:40,9975,12.31,43.689359,-79.356771,6
2025-04-06 06:25:45,8840,32.29,43.672246,-79.354609,5
2025-04-06 06:25:50,8943,20.23,43.657341,-79.381496,0
2025-04-06 06:25:55,6995,53.48,43.644433,-79.39238,3
2025-04-06 06:26:00,3222,47.85,43.655468,-79.386497,0
2025-04-06 06:26:05,1366,76.23,43.732134,-79.317904,9
2025-04-06 06:26:10,7149,42.74,43.7005,-79.403373,1
2025-04-06 06:26:15,8692,49.61,43.667578,-79.351631,5
2025-04-06 06:26:20,8550,42.89,43.733849,-79.317376,9
2025-04-06 06:26:25,6080,27.82,43.691236,-79.361469,6
2025-04-06 06:26:30,9587,63.55,43.729533,-79.318766,9
2025-04-06 06:26:35,3100,63.07,43.654123,-79.387267,0
2025-04-06 06:26:40,1294,56.68,43.691519,-79.355739,6
2025-04-06 06:26:45,6579,76.29,43.638863,-79.39083,3
2025-04-06 06:26:50,1770,48.6,43.655541,-79.377333,2
2025-04-06 06:26:55,1918,77.95,43.685144,-79.356065,6
2025-04-06 06:27:00,9935,17.81,43.678228,-79.371172,4
2025-04-06 06:27:05,5683,40.56,43.641039,-79.387416,3
2025-04-06 06:27:10,2617,62.22,43.660026,-79.383959,2
2025-04-06 06:27:15,3582,38.62,43.731716,-79.320928,9
2025-04-06 06:27:20,8316,51.62,43.652409,-79.38541,0
2025-04-06 06:27:25,9380,48.3,43.69937,-79.397967,1
2025-04-06 06:27:30,5433,48.09,43.681435,-79.365145,4
2025-04-06 06:27:35,8258,61.72,43.650243,-79.380016,0
2025-04-06 06:27:40,4403,43.23,43.673838,-79.3474,5
2025-04-06 06:27:45,7495,81.68,43.6494,-79.386416,0
2025-04-06 06:27:50,8737,48.66,43.638667,-79.393498,3
2025-04-06 06:27:55,5103,80.95,43.678528,-79.36732,4
2025-04-06 06:28:00,3263,77.72,43.640546,-79.385736,3
2025-04-06 06:28:05,9542,25.29,43.648906,-79.378608,0
2025-04-06 06:28:10,7232,67.41,43.677254,-79.374597,4
2025-04-06 06:28:15,9531,33.97,43.657855,-79.379618,0
2025-04-06 06:28:20,4529,40.29,43.703178,-79.39953,1
2025-04-06 06:28:25,7453,51.65,43.708494,-79.336109,7
2025-04-06 06:28:30,5431,81.18,43.725616,-79.319884,9
2025-04-06 06:28:35,1063,71.92,43.706049,-79.342315,7
2025-04-06 06:28:40,2089,51.77,43.71068,-79.338755,7
2025-04-06 06:28:45,1168,0.06,43.658855,-79.381741,2
2025-04-06 06:28:50,2112,47.88,43.644027,-79.388434,3
2025-04-06 06:28:55,8561,46.18,43.729163,-79.321048,9
2025-04-06 06:29:00,2491,36.02,43.698329,-79.397506,1
2025-04-06 06:29:05,9450,60.15,43.716312,-79.330696,8
2025-04-06 06:29:10,3480,6.12,43.656076,-79.385762,0
2025-04-06 06:29:15,5362,38.3,43.704869,-79.401344,1
2025-04-06 06:29:20,6865,31.27,43.7012,-79.397282,1
2025-04-06 06:29:25,5904,67.79,43.726074,-79.324507,9
2025-04-06 06:29:30,3701,52.14,43.657693,-79.386697,0
2025-04-06 06:29:35,2326,20.07,43.701804,-79.396467,1
2025-04-06 06:29:40,1016,37.42,43.665065,-79.350252,5
2025-04-06 06:29:45,5055,40.82,43.706649,-79.338953,7
2025-04-06 06:29:50,2099,39.3,43.65183,-79.380469,0
2025-04-06 06:29:55,5704,47.58,43.671895,-79.351356,5
2025-04-06 06:30:00,9382,29.84,43.731918,-79.324481,9
2025-04-06 06:30:05,2102,72.52,43.649353,-79.38486,0
2025-04-06 06:30:10,8784,62.62,43.643196,-79.393288,3
2025-04-06 06:30:15,9546,54.99,43.724417,-79.331401,8
2025-04-06 06:30:20,2453,17.47,43.695428,-79.404829,1
2025-04-06 06:30:25,3675,34.86,43.690761,-79.362551,6
2025-04-06 06:30:30,6405,76.11,43.677524,-79.37057,4
2025-04-06 06:30:35,1281,28.53,43.654799,-79.384008,0
2025-04-06 06:30:40,4615,47.34,43.688258,-79.358478,6
2025-04-06 06:30:45,3938,17.15,43.708658,-79.343942,7
2025-04-06 06:30:50,3953,68.15,43.684622,-79.371703,4
2025-04-06 06:30:55,1251,71.97,43.712621,-79.34127,7
2025-04-06 06:31:00,2112,49.52,43.669553,-79.35397,5
2025-04-06 06:31:05,1245,53.44,43.656057,-79.378465,2
2025-04-06 06:31:10,6136,26.14,43.655024,-79.377049,2
2025-04-06 06:31:15,1505,76.16,43.686985,-79.358706,6
2025-04-06 06:31:20,1364,77.64,43.669497,-79.352464,5
2025-04-06 06:31:25,9050,36.98,43.648251,-79.385222,0
2025-04-06 06:31:30,2613,45.08,43.73416,-79.322141,9
2025-04-06 06:31:35,8603,49.92,43.685243,-79.361606,6
2025-04-06 06:31:40,5533,36.25,43.687432,-79.357232,6
2025-04-06 06:31:45,6384,41.5,43.655271,-79.378055,2
2025-04-06 06:31:50,3790,71.91,43.72754,-79.31577,9
2025-04-06 06:31:55,5313,62.33,43.675295,-79.370894,4
2025-04-06 06:32:00,2767,67.6,43.676927,-79.373069,4
2025-04-06 06:32:05,7017,72.01,43.731416,-79.316565,9
2025-04-06 06:32:10,5946,73.08,43.733792,-79.324,9
2025-04-06 06:32:15,9892,43.65,43.690025,-79.360433,6
2025-04-06 06:32:20,4784,47.37,43.672135,-79.349161,5
2025-04-06 06:32:25,2600,65.74,43.657088,-79.382746,0
2025-04-06 06:32:30,6251,56.57,43.685533,-79.364479,6
2025-04-06 06:32:35,1875,3.77,43.651139,-79.386486,0
2025-04-06 06:32:40,1892,66.8,43.642592,-79.393866,3
2025-04-06 06:32:45,4074,66.76,43.710139,-79.342251,7
2025-04-06 06:32:50,3012,55.59,43.651699,-79.38583,0
2025-04-06 06:32:55,1648,70.17,43.680575,-79.371032,4
2025-04-06 06:33:00,4927,79.01,43.714843,-79.344708,7
2025-04-06 06:33:05,3017,70.76,43.649528,-79.382919,0
2025-04-06 06:33:10,7644,42.92,43.705441,-79.338791,7
2025-04-06 06:33:15,7978,49.35,43.704148,-79.402785,1
2025-04-06 06:33:20,9270,67.91,43.720616,-79.334979,8
2025-04-06 06:33:25,2706,22.06,43.650945,-79.386351,0
2025-04-06 06:33:30,5296,84.59,43.726204,-79.319531,9
2025-04-06 06:33:35,1770,67.18,43.649191,-79.384946,0
2025-04-06 06:33:40,6880,35.41,43.681886,-79.36731,4
2025-04-06 06:33:45,2776,54.31,43.636682,-79.390616,3
2025-04-06 06:33:50,6110,53.51,43.639089,-79.393989,3
2025-04-06 06:33:55,7566,49.52,43.709118,-79.336358,7
2025-04-06 06:34:00,2063,36.34,43.696017,-79.403518,1
2025-04-06 06:34:05,2645,72.48,43.673636,-79.345092,5
2025-04-06 06:34:10,4896,65.49,43.636731,-79.38899,3
2025-04-06 06:34:15,8848,45.96,43.680156,-79.37224,4
2025-04-06 06:34:20,2091,62.75,43.724469,-79.327186,8
2025-04-06 06:34:25,7797,56.84,43.682763,-79.368441,4
2025-04-06 06:34:30,6826,63.71,43.707154,-79.337685,7
2025-04-06 06:34:35,4883,37.47,43.707874,-79.336842,7
2025-04-06 06:34:40,2015,43.89,43.709564,-79.344118,7
2025-04-06 06:34:45,4242,36.13,43.68431,-79.36769,4
2025-04-06 06:34:50,1894,23.67,43.710317,-79.341506,7
2025-04-06 06:34:55,4121,71.08,43.649033,-79.386827,0
2025-04-06 06:35:00,9792,50.24,43.728309,-79.324043,9
2025-04-06 06:35:05,4229,58.04,43.652389,-79.383468,0
2025-04-06 06:35:10,4727,0,43.693126,-79.361307,6
2025-04-06 06:35:15,6159,47.56,43.665243,-79.350011,5
2025-04-06 06:35:20,3905,48.02,43.713094,-79.336081,7
2025-04-06 06:35:25,4593,40.75,43.69691,-79.402325,1
2025-04-06 06:35:30,2646,63.17,43.720292,-79.328139,8
2025-04-06 06:35:35,7644,27.06,43.65038,-79.382573,0
2025-04-06 06:35:40,1823,52.29,43.644815,-79.392571,3
2025-04-06 06:35:45,4820,35.83,43.679497,-79.367575,4
2025-04-06 06:35:50,5523,36.13,43.696974,-79.396296,1
2025-04-06 06:35:55,8978,90.39,43.671345,-79.346519,5
2025-04-06 06:36:00,7564,27.02,43.651187,-79.383845,0
2025-04-06 06:36:05,5006,50.41,43.657816,-79.382673,0
2025-04-06 06:36:10,1626,60.06,43.700636,-79.399056,1
2025-04-06 06:36:15,2231,82.18,43.665362,-79.352314,5
2025-04-06 06:36:20,4668,43.69,43.699423,-79.40334,1
2025-04-06 06:36:25,1774,42.96,43.675844,-79.368099,4
2025-04-06 06:36:30,3242,21.99,43.65683,-79.387853,0
2025-04-06 06:36:35,7683,61.33,43.70824,-79.34051,7
2025-04-06 06:36:40,6150,43.43,43.692983,-79.360741,6
2025-04-06 06:36:45,1476,60.06,43.674477,-79.351813,5
2025-04-06 06:36:50,8663,16.42,43.733269,-79.322715,9
2025-04-06 06:36:55,5379,48.76,43.672361,-79.350135,5
2025-04-06 06:37:00,4884,69.13,43.682392,-79.366837,4
2025-04-06 06:37:05,7763,55.66,43.677138,-79.370604,4
2025-04-06 06:37:10,8434,35.97,43.638231,-79.391845,3
2025-04-06 06:37:15,3629,50.34,43.644793,-79.388553,3
2025-04-06 06:37:20,3791,52.16,43.655403,-79.378239,2
2025-04-06 06:37:25,3120,52.65,43.690444,-79.360816,6
2025-04-06 06:37:30,4773,46.07,43.637427,-79.387541,3
2025-04-06 06:37:35,3985,61.03,43.635326,-79.387549,3
2025-04-06 06:37:40,5246,32.3,43.734749,-79.318104,9
2025-04-06 06:37:45,4456,52.99,43.65552,-79.383575,0
2025-04-06 06:37:50,7716,30.4,43.684488,-79.372395,4
2025-04-06 06:37:55,5831,54.05,43.676205,-79.369312,4
2025-04-06 06:38:00,3375,49.6,43.665106,-79.346293,5
2025-04-06 06:38:05,8959,69.71,43.643021,-79.387335,3
2025-04-06 06:38:10,4088,45.44,43.636003,-79.388656,3
2025-04-06 06:38:15,9539,26.11,43.663428,-79.381859,2
2025-04-06 06:38:20,8476,56.31,43.72824,-79.319767,9
2025-04-06 06:38:25,3469,33.76,43.683564,-79.366383,4
2025-04-06 06:38:30,7849,30.31,43.722595,-79.327421,8
2025-04-06 06:38:35,8014,50.13,43.670044,-79.350186,5
2025-04-06 06:38:40,6642,58.0,43.688338,-79.357262,6
2025-04-06 06:38:45,4087,41.0,43.691308,-79.357206,6
2025-04-06 06:38:50,9667,36.13,43.666998,-79.352898,5
2025-04-06 06:38:55,2069,41.01,43.673688,-79.348988,5
2025-04-06 06:39:00,7209,10.08,43.693516,-79.358422,6
2025-04-06 06:39:05,3036,38.89,43.722907,-79.334709,8
2025-04-06 06:39:10,7923,54.6,43.676546,-79.367062,4
2025-04-06 06:39:15,4518,51.61,43.656867,-79.387616,0
2025-04-06 06:39:20,9756,52.79,43.650076,-79.387263,0
2025-04-06 06:39:25,2155,61.61,43.710734,-79.343146,7
2025-04-06 06:39:30,1410,35.42,43.724569,-79.328332,8
2025-04-06 06:39:35,9417,40.48,43.652834,-79.380259,0
2025-04-06 06:39:40,6978,18.39,43.639358,-79.3908,3
2025-04-06 06:39:45,2276,61.04,43.693672,-79.364771,6
2025-04-06 06:39:50,7934,27.16,43.710445,-79.338519,7
2025-04-06 06:39:55,5707,45.19,43.638391,-79.390539,3
2025-04-06 06:40:00,2028,27.91,43.734389,-79.317984,9
2025-04-06 06:40:05,4130,39.66,43.718043,-79.332171,8
2025-04-06 06:40:10,6334,68.33,43.720353,-79.32659,8
2025-04-06 06:40:15,5845,51.41,43.715298,-79.330908,8
2025-04-06 06:40:20,1919,36.96,43.712544,-79.337934,7
2025-04-06 06:40:25,6748,30.72,43.708827,-79.335313,7
2025-04-06 06:40:30,5659,34.84,43.667738,-79.348977,5
2025-04-06 06:40:35,5989,17.56,43.68858,-79.358751,6
2025-04-06 06:40:40,3075,46.06,43.694027,-79.36316,6
2025-04-06 06:40:45,7183,57.68,43.650395,-79.38002,0
2025-04-06 06:40:50,2803,21.75,43.709267,-79.336693,7
2025-04-06 06:40:55,7757,50.12,43.639332,-79.387723,3
2025-04-06 06:41:00,1796,37.05,43.711966,-79.339733,7
2025-04-06 06:41:05,2510,56.79,43.642327,-79.39263,3
2025-04-06 06:41:10,5767,43.9,43.701981,-79.403749,1
2025-04-06 06:41:15,4203,70.53,43.717573,-79.328,8
2025-04-06 06:41:20,1542,30.42,43.639429,-79.385271,3
2025-04-06 06:41:25,9421,41.77,43.640827,-79.390298,3
2025-04-06 06:41:30,1549,53.94,43.724716,-79.330577,8
2025-04-06 06:41:35,7368,44.6,43.727222,-79.319416,9
2025-04-06 06:41:40,6405,48.67,43.694478,-79.357246,6
2025-04-06 06:41:45,2867,42.91,43.667059,-79.348409,5
2025-04-06 06:41:50,3284,38.86,43.638434,-79.391458,3
2025-04-06 06:41:55,9348,46.52,43.684653,-79.36657,4
2025-04-06 06:42:00,7222,89.16,43.652796,-79.388146,0
2025-04-06 06:42:05,2521,69.72,43.658075,-79.387186,0
2025-04-06 06:42:10,2093,63.06,43.71586,-79.334173,8
2025-04-06 06:42:15,9497,56.36,43.687237,-79.363955,6
2025-04-06 06:42:20,3275,23.38,43.667292,-79.349238,5
2025-04-06 06:42:25,1592,32.17,43.707959,-79.335729,7
2025-04-06 06:42:30,6508,35.99,43.683557,-79.3706,4
2025-04-06 06:42:35,1501,60.4,43.67158,-79.346891,5
2025-04-06 06:42:40,5799,55.15,43.641901,-79.388475,3
2025-04-06 06:42:45,9822,20.38,43.639182,-79.388563,3
2025-04-06 06:42:50,1663,72.32,43.677427,-79.373949,4
2025-04-06 06:42:55,5970,52.37,43.678692,-79.374234,4
2025-04-06 06:43:00,9170,51.55,43.640107,-79.391294,3
2025-04-06 06:43:05,7634,13.58,43.685131,-79.363197,6
2025-04-06 06:43:10,3269,42.42,43.663238,-79.375051,2
2025-04-06 06:43:15,7625,25.12,43.682441,-79.368194,4
2025-04-06 06:43:20,1490,110.85,43.636847,-79.387847,3
2025-04-06 06:43:25,9404,58.14,43.71448,-79.342333,7
2025-04-06 06:43:30,3442,77.7,43.708438,-79.336669,7
2025-04-06 06:43:35,6755,52.74,43.722533,-79.334106,8
2025-04-06 06:43:40,3152,33.79,43.731326,-79.324025,9
2025-04-06 06:43:45,8893,65.89,43.713318,-79.336664,7
2025-04-06 06:43:50,8032,80.54,43.714462,-79.338914,7
2025-04-06 06:43:55,9086,44.36,43.713403,-79.34014,7
2025-04-06 06:44:00,3277,9.98,43.669044,-79.350136,5
2025-04-06 06:44:05,5700,69.45,43.731647,-79.315821,9
2025-04-06 06:44:10,1015,16.55,43.71515,-79.330702,8
2025-04-06 06:44:15,7307,75.13,43.678359,-79.372478,4
2025-04-06 06:44:20,5963,25.61,43.716184,-79.331788,8
2025-04-06 06:44:25,9409,65.0,43.656605,-79.379218,2
2025-04-06 06:44:30,5616,35.9,43.670251,-79.353178,5
2025-04-06 06:44:35,4460,68.49,43.700926,-79.403384,1
2025-04-06 06:44:40,3177,65.93,43.678307,-79.374103,4
2025-04-06 06:44:45,1208,40.78,43.641068,-79.39306,3
2025-04-06 06:44:50,5812,74.55,43.689894,-79.364203,6
2025-04-06 06:44:55,1424,32.38,43.678147,-79.369839,4
2025-04-06 06:45:00,9499,55.01,43.638665,-79.391654,3
2025-04-06 06:45:05,9271,69.25,43.729762,-79.324674,9
2025-04-06 06:45:10,5142,42.72,43.656972,-79.38467,0
2025-04-06 06:45:15,1762,75.39,43.678481,-79.365994,4
2025-04-06 06:45:20,5715,73.98,43.637003,-79.388374,3
2025-04-06 06:45:25,2714,64.92,43.669237,-79.35168,5
2025-04-06 06:45:30,9496,22.88,43.724579,-79.333244,8
2025-04-06 06:45:35,7603,39.17,43.67493,-79.354914,5
2025-04-06 06:45:40,2431,71.18,43.663189,-79.375138,2
2025-04-06 06:45:45,8375,11.9,43.693958,-79.362149,6
2025-04-06 06:45:50,6158,18.58,43.700286,-79.398964,1
2025-04-06 06:45:55,9635,39.12,43.660302,-79.384,2
2025-04-06 06:46:00,6230,54.45,43.644182,-79.386751,3
2025-04-06 06:46:05,6606,36.14,43.68248,-79.369125,4
2025-04-06 06:46:10,6048,57.04,43.636993,-79.38773,3
2025-04-06 06:46:15,1954,33.55,43.718951,-79.331728,8
2025-04-06 06:46:20,6314,70.25,43.660854,-79.375773,2
2025-04-06 06:46:25,8947,95.67,43.658392,-79.382171,2
2025-04-06 06:46:30,4199,39.65,43.655626,-79.38022,0
2025-04-06 06:46:35,1851,44.75,43.699334,-79.401727,1
2025-04-06 06:46:40,4845,27.56,43.694876,-79.356491,6
2025-04-06 06:46:45,8060,54.52,43.642116,-79.389442,3
2025-04-06 06:46:50,8893,51.77,43.668319,-79.345027,5
2025-04-06 06:46:55,3715,18.27,43.677087,-79.371261,4
2025-04-06 06:47:00,8833,22.58,43.732164,-79.320349,9
2025-04-06 06:47:05,5719,70.6,43.655901,-79.381863,0
2025-04-06 06:47:10,5067,46.12,43.70473,-79.403519,1
2025-04-06 06:47:15,3781,84.44,43.649656,-79.380831,0
2025-04-06 06:47:20,1661,48.17,43.712689,-79.336528,7
2025-04-06 06:47:25,4422,40.87,43.670189,-79.354482,5
2025-04-06 06:47:30,3055,57.09,43.715372,-79.331834,8
2025-04-06 06:47:35,5213,50.6,43.683776,-79.369626,4
2025-04-06 06:47:40,3883,36.55,43.689908,-79.35679,6
2025-04-06 06:47:45,3688,43.89,43.712888,-79.341224,7
2025-04-06 06:47:50,7179,82.15,43.731782,-79.323612,9
2025-04-06 06:47:55,2202,42.12,43.640705,-79.392252,3
2025-04-06 06:48:00,6051,44.33,43.658434,-79.377986,2
2025-04-06 06:48:05,8260,91.91,43.687467,-79.356383,6
2025-04-06 06:48:10,1717,31.3,43.69913,-79.398153,1
2025-04-06 06:48:15,5520,35.47,43.723447,-79.325656,8
2025-04-06 06:48:20,2846,40.22,43.707332,-79.336558,7
2025-04-06 06:48:25,1127,73.38,43.710008,-79.338123,7
2025-04-06 06:48:30,2787,19.95,43.732438,-79.318564,9
2025-04-06 06:48:35,7344,56.73,43.722632,-79.328108,8
2025-04-06 06:48:40,9893,36.64,43.694005,-79.361745,6
2025-04-06 06:48:45,2538,52.91,43.655497,-79.383367,0
2025-04-06 06:48:50,5218,58.15,43.687017,-79.355922,6
2025-04-06 06:48:55,4891,75.43,43.671753,-79.353476,5
2025-04-06 06:49:00,3438,49.74,43.635829,-79.390618,3
2025-04-06 06:49:05,6728,74.97,43.655093,-79.384743,2
2025-04-06 06:49:10,6326,49.88,43.641682,-79.392382,3
2025-04-06 06:49:15,8135,42.07,43.713156,-79.336596,7
2025-04-06 06:49:20,6201,43.21,43.719688,-79.332156,8
2025-04-06 06:49:25,7020,39.05,43.712296,-79.341416,7
2025-04-06 06:49:30,7948,24.68,43.717637,-79.329157,8
2025-04-06 06:49:35,2576,46.56,43.719475,-79.334662,8
2025-04-06 06:49:40,5020,32.0,43.673282,-79.346059,5
2025-04-06 06:49:45,2381,15.14,43.662228,-79.380951,2
2025-04-06 06:49:50,3511,78.84,43.664556,-79.375618,2
2025-04-06 06:49:55,7548,24.55,43.685177,-79.363137,6
2025-04-06 06:50:00,4547,82.28,43.705597,-79.337208,7
2025-04-06 06:50:05,2790,45.79,43.655823,-79.380716,2
2025-04-06 06:50:10,2239,27.88,43.694761,-79.36326,6
2025-04-06 06:50:15,6315,96.96,43.717829,-79.32806,8
2025-04-06 06:50:20,7838,29.64,43.662487,-79.37949,2
2025-04-06 06:50:25,9611,83.75,43.719628,-79.333409,8
2025-04-06 06:50:30,6231,47.18,43.701602,-79.40107,1
2025-04-06 06:50:35,2979,62.42,43.656195,-79.381227,0
2025-04-06 06:50:40,2962,61.57,43.67241,-79.349791,5
2025-04-06 06:50:45,7475,23.64,43.726167,-79.319679,9
2025-04-06 06:50:50,1133,60.59,43.724402,-79.328025,8
2025-04-06 06:50:55,8628,41.91,43.683108,-79.367582,4
2025-04-06 06:51:00,8392,48.54,43.713492,-79.339196,7
2025-04-06 06:51:05,1571,64.2,43.681607,-79.365127,4
2025-04-06 06:51:10,7853,57.83,43.725796,-79.316509,9
2025-04-06 06:51:15,7478,32.01,43.707442,-79.338651,7
2025-04-06 06:51:20,6107,67.93,43.72541,-79.324633,9
2025-04-06 06:51:25,8953,42.63,43.685917,-79.363624,6
2025-04-06 06:51:30,4282,49.81,43.654971,-79.382619,0
2025-04-06 06:51:35,9933,0,43.685392,-79.356547,6
2025-04-06 06:51:40,9013,71.08,43.720725,-79.333206,8
2025-04-06 06:51:45,6205,59.29,43.730917,-79.316707,9
2025-04-06 06:51:50,8247,43.33,43.651347,-79.38151,0
2025-04-06 06:51:55,3181,58.41,43.730189,-79.324321,9
2025-04-06 06:52:00,1991,35.72,43.656695,-79.380894,0
2025-04-06 06:52:05,7049,42.73,43.699794,-79.397834,1
2025-04-06 06:52:10,2909,87.81,43.711965,-79.338309,7
2025-04-06 06:52:15,3690,49.52,43.692371,-79.363349,6
2025-04-06 06:52:20,4357,60.37,43.664121,-79.383589,2
2025-04-06 06:52:25,2168,32.31,43.679481,-79.37208,4
2025-04-06 06:52:30,8818,20.62,43.63505,-79.391596,3
2025-04-06 06:52:35,6672,22.66,43.705802,-79.339521,7
2025-04-06 06:52:40,5167,54.19,43.651861,-79.384315,0
2025-04-06 06:52:45,1410,27.63,43.719967,-79.333756,8
2025-04-06 06:52:50,3487,59.49,43.67727,-79.367655,4
2025-04-06 06:52:55,1864,60.46,43.71898,-79.333128,8
2025-04-06 06:53:00,4537,26.71,43.709066,-79.337992,7
2025-04-06 06:53:05,8381,45.83,43.692741,-79.356655,6
2025-04-06 06:53:10,8751,43.33,43.642013,-79.39164,3
2025-04-06 06:53:15,3073,81.73,43.683059,-79.37455,4
2025-04-06 06:53:20,1236,79.23,43.649191,-79.383689,0
2025-04-06 06:53:25,1467,35.51,43.684649,-79.374103,4
2025-04-06 06:53:30,9100,13.24,43.69544,-79.40343,1
2025-04-06 06:53:35,5501,26.01,43.664608,-79.377117,2
2025-04-06 06:53:40,8989,19.05,43.641397,-79.388471,3
2025-04-06 06:53:45,9320,43.31,43.711043,-79.337354,7
2025-04-06 06:53:50,6663,65.26,43.690044,-79.357927,6
2025-04-06 06:53:55,5597,29.2,43.688023,-79.356785,6
2025-04-06 06:54:00,4953,43.93,43.698525,-79.398469,1
2025-04-06 06:54:05,6791,23.97,43.702184,-79.399515,1
2025-04-06 06:54:10,7018,51.44,43.703851,-79.40284,1
2025-04-06 06:54:15,2223,67.18,43.640544,-79.388643,3
2025-04-06 06:54:20,7679,49.61,43.704832,-79.40309,1
2025-04-06 06:54:25,5244,38.0,43.678601,-79.373786,4
2025-04-06 06:54:30,2394,60.46,43.671931,-79.347084,5
2025-04-06 06:54:35,9045,68.31,43.663504,-79.381993,2
2025-04-06 06:54:40,3698,22.23,43.651564,-79.386505,0
2025-04-06 06:54:45,3394,46.11,43.644268,-79.38811,3
2025-04-06 06:54:50,1968,22.07,43.643282,-79.387809,3
2025-04-06 06:54:55,2799,15.15,43.664204,-79.382451,2
2025-04-06 06:55:00,9952,48.72,43.690393,-79.359033,6
2025-04-06 06:55:05,6721,31.53,43.642081,-79.38975,3
2025-04-06 06:55:10,4707,69.0,43.726273,-79.318582,9
2025-04-06 06:55:15,6855,46.83,43.664499,-79.377364,2
2025-04-06 06:55:20,9675,25.21,43.705544,-79.339879,7
2025-04-06 06:55:25,4172,37.77,43.67331,-79.347105,5
2025-04-06 06:55:30,1638,44.93,43.660262,-79.378362,2
2025-04-06 06:55:35,2895,42.18,43.657173,-79.384899,0
2025-04-06 06:55:40,2537,76.33,43.695791,-79.400737,1
2025-04-06 06:55:45,6947,76.35,43.659454,-79.376358,2
2025-04-06 06:55:50,2372,75.82,43.696772,-79.400395,1
2025-04-06 06:55:55,4134,62.96,43.723189,-79.32815,8
2025-04-06 06:56:00,4417,43.44,43.671898,-79.354112,5
2025-04-06 06:56:05,5220,55.39,43.709989,-79.343405,7
2025-04-06 06:56:10,4511,31.81,43.640107,-79.390205,3
2025-04-06 06:56:15,6461,55.73,43.644691,-79.388203,3
2025-04-06 06:56:20,8815,95.37,43.706901,-79.338957,7
2025-04-06 06:56:25,4473,75.78,43.66895,-79.349036,5
2025-04-06 06:56:30,3518,84.88,43.73402,-79.321218,9
2025-04-06 06:56:35,1089,43.47,43.639387,-79.3863,3
2025-04-06 06:56:40,9524,88.91,43.691823,-79.357881,6
2025-04-06 06:56:45,9882,40.77,43.718326,-79.329324,8
2025-04-06 06:56:50,7979,57.49,43.699708,-79.402113,1
2025-04-06 06:56:55,8295,45.06,43.72774,-79.324933,9
2025-04-06 06:57:00,1287,59.74,43.67567,-79.366458,4
2025-04-06 06:57:05,9860,59.99,43.72266,-79.328666,8
2025-04-06 06:57:10,2964,85.41,43.720278,-79.331079,8
2025-04-06 06:57:15,7256,60.54,43.700567,-79.404306,1
2025-04-06 06:57:20,6182,42.13,43.641575,-79.385534,3
2025-04-06 06:57:25,1775,12.13,43.68335,-79.36578,4
2025-04-06 06:57:30,6627,50.13,43.655735,-79.37794,2
2025-04-06 06:57:35,9097,43.43,43.655252,-79.385209,0
2025-04-06 06:57:40,2756,45.7,43.730388,-79.319448,9
2025-04-06 06:57:45,9145,75.72,43.700723,-79.398333,1
2025-04-06 06:57:50,8009,77.09,43.643016,-79.386013,3
2025-04-06 06:57:55,7747,40.51,43.732168,-79.317903,9
2025-04-06 06:58:00,1636,69.07,43.653576,-79.379193,0
2025-04-06 06:58:05,2091,50.05,43.681467,-79.370294,4
2025-04-06 06:58:10,9399,37.34,43.655154,-79.387393,0
2025-04-06 06:58:15,3662,64.15,43.665401,-79.354597,5
2025-04-06 06:58:20,3131,46.31,43.690266,-79.359063,6
2025-04-06 06:58:25,6864,37.9,43.714754,-79.341434,7
2025-04-06 06:58:30,8357,49.13,43.719023,-79.330974,8
2025-04-06 06:58:35,6998,38.22,43.63818,-79.390827,3
2025-04-06 06:58:40,4443,47.78,43.668587,-79.350108,5
2025-04-06 06:58:45,9340,24.79,43.66004,-79.384392,2
2025-04-06 06:58:50,3040,85.02,43.708566,-79.335036,7
2025-04-06 06:58:55,6263,42.95,43.71926,-79.325683,8
2025-04-06 06:59:00,4380,45.81,43.72148,-79.332339,8
2025-04-06 06:59:05,2312,67.14,43.63967,-79.392087,3
2025-04-06 06:59:10,8881,95.63,43.668774,-79.351167,5
2025-04-06 06:59:15,5635,39.11,43.655366,-79.382412,0
2025-04-06 06:59:20,9410,54.01,43.687163,-79.361353,6
2025-04-06 06:59:25,9381,87.45,43.670722,-79.354904,5
2025-04-06 06:59:30,9190,56.51,43.696999,-79.39986,1
2025-04-06 06:59:35,4849,74.77,43.687274,-79.3639,6
2025-04-06 06:59:40,9156,33.92,43.650336,-79.386657,0
2025-04-06 06:59:45,9393,76.45,43.709441,-79.337454,7
2025-04-06 06:59:50,4668,13.26,43.728434,-79.315166,9
2025-04-06 06:59:55,4185,32.01,43.72552,-79.323512,9
2025-04-06 07:00:00,3452,50.02,43.663616,-79.381781,2
2025-04-06 07:00:05,9155,59.52,43.732998,-79.317247,9
2025-04-06 07:00:10,7464,41.3,43.681716,-79.371624,4
2025-04-06 07:00:15,4827,18.78,43.702589,-79.401565,1
2025-04-06 07:00:20,2030,37.85,43.716515,-79.328822,8
2025-04-06 07:00:25,9926,21.24,43.684712,-79.370581,4
2025-04-06 07:00:30,1567,21.75,43.66994,-79.346189,5
2025-04-06 07:00:35,6023,43.14,43.654681,-79.381209,0
2025-04-06 07:00:40,3197,31.87,43.635027,-79.392686,3
2025-04-06 07:00:45,8322,61.93,43.713675,-79.335388,7
2025-04-06 07:00:50,2820,57.09,43.657973,-79.383409,2
2025-04-06 07:00:55,9990,31.17,43.69518,-79.395395,1
2025-04-06 07:01:00,8810,17.53,43.730964,-79.320849,9
2025-04-06 07:01:05,1716,28.6,43.674369,-79.346823,5
2025-04-06 07:01:10,1718,33.89,43.665403,-79.347841,5
2025-04-06 07:01:15,8083,78.37,43.668727,-79.350863,5
2025-04-06 07:01:20,5725,18.07,43.702611,-79.401919,1
2025-04-06 07:01:25,3805,35.51,43.685734,-79.357602,6
2025-04-06 07:01:30,7784,68.42,43.652371,-79.383425,0
2025-04-06 07:01:35,1947,13.22,43.717117,-79.334526,8
2025-04-06 07:01:40,7513,59.63,43.714283,-79.343741,7
2025-04-06 07:01:45,6493,45.25,43.678465,-79.373089,4
2025-04-06 07:01:50,5697,27.81,43.67957,-79.367908,4
2025-04-06 07:01:55,1822,76.96,43.641801,-79.385523,3
2025-04-06 07:02:00,9274,14.09,43.659213,-79.382651,2
2025-04-06 07:02:05,6214,62.91,43.69856,-79.397343,1
2025-04-06 07:02:10,3300,71.58,43.63874,-79.3859,3
2025-04-06 07:02:15,9645,68.29,43.669701,-79.345555,5
2025-04-06 07:02:20,1993,71.33,43.689762,-79.359539,6
2025-04-06 07:02:25,6021,36.4,43.717152,-79.334015,8
2025-04-06 07:02:30,9866,69.72,43.703269,-79.399308,1
2025-04-06 07:02:35,4391,46.32,43.657263,-79.387947,0
2025-04-06 07:02:40,2053,63.61,43.663079,-79.380509,2
2025-04-06 07:02:45,2147,51.47,43.638147,-79.394646,3
2025-04-06 07:02:50,2921,49.79,43.668506,-79.345674,5
2025-04-06 07:02:55,3121,33.08,43.706231,-79.34232,7
2025-04-06 07:03:00,2627,19.64,43.687827,-79.363748,6
2025-04-06 07:03:05,3312,68.22,43.641603,-79.390066,3
2025-04-06 07:03:10,5555,52.46,43.711061,-79.339824,7
2025-04-06 07:03:15,8590,74.98,43.713616,-79.341365,7
2025-04-06 07:03:20,7277,53.5,43.675928,-79.369716,4
2025-04-06 07:03:25,8158,49.76,43.640269,-79.394662,3
2025-04-06 07:03:30,4692,82.48,43.728306,-79.317297,9
2025-04-06 07:03:35,9405,73.37,43.655939,-79.382809,2
2025-04-06 07:03:40,8485,40.31,43.706829,-79.337075,7
2025-04-06 07:03:45,8448,54.01,43.705824,-79.339558,7
2025-04-06 07:03:50,5489,47.27,43.652655,-79.382539,0
2025-04-06 07:03:55,8702,32.83,43.683654,-79.368938,4
2025-04-06 07:04:00,9032,64.98,43.650022,-79.383822,0
2025-04-06 07:04:05,2051,36.5,43.731078,-79.318785,9
2025-04-06 07:04:10,7831,47.17,43.668032,-79.345005,5
2025-04-06 07:04:15,1473,81.72,43.687348,-79.364784,6
2025-04-06 07:04:20,7872,25.23,43.672028,-79.352451,5
2025-04-06 07:04:25,8858,29.62,43.722723,-79.332382,8
2025-04-06 07:04:30,5684,37.02,43.696506,-79.401366,1
2025-04-06 07:04:35,7158,55.76,43.716247,-79.326796,8
2025-04-06 07:04:40,1920,69.11,43.659977,-79.380274,2
2025-04-06 07:04:45,3998,50.83,43.648508,-79.380276,0
2025-04-06 07:04:50,4784,70.2,43.686125,-79.362843,6
2025-04-06 07:04:55,9017,26.06,43.728037,-79.322457,9
2025-04-06 07:05:00,2075,38.75,43.689486,-79.355056,6
2025-04-06 07:05:05,8875,45.59,43.641139,-79.391408,3
2025-04-06 07:05:10,6862,72.77,43.668019,-79.34769,5
2025-04-06 07:05:15,9516,75.02,43.729969,-79.315467,9
2025-04-06 07:05:20,2310,36.91,43.69752,-79.402222,1
2025-04-06 07:05:25,6608,5.9,43.640342,-79.39239,3
2025-04-06 07:05:30,1132,60.67,43.686862,-79.364251,6
2025-04-06 07:05:35,8307,48.1,43.734729,-79.324202,9
2025-04-06 07:05:40,9035,61.38,43.683421,-79.365583,4
2025-04-06 07:05:45,4530,101.85,43.637531,-79.388842,3
2025-04-06 07:05:50,7574,43.22,43.666633,-79.348398,5
2025-04-06 07:05:55,3836,72.84,43.655753,-79.378248,2
2025-04-06 07:06:00,9415,33.02,43.706025,-79.335079,7
2025-04-06 07:06:05,3489,40.97,43.664249,-79.378317,2
2025-04-06 07:06:10,1701,50.03,43.654696,-79.382726,0
2025-04-06 07:06:15,9688,50.09,43.733311,-79.316723,9
2025-04-06 07:06:20,1283,86.29,43.677584,-79.371727,4
2025-04-06 07:06:25,1517,80.07,43.725747,-79.317086,9
2025-04-06 07:06:30,8555,69.76,43.655529,-79.37534,2
2025-04-06 07:06:35,5793,9.59,43.727614,-79.318713,9
2025-04-06 07:06:40,4227,33.87,43.644934,-79.389702,3
2025-04-06 07:06:45,8894,84.01,43.642009,-79.387218,3
2025-04-06 07:06:50,5691,10.8,43.690739,-79.361869,6
2025-04-06 07:06:55,1945,46.02,43.705557,-79.339462,7
2025-04-06 07:07:00,9223,45.83,43.65656,-79.383297,0
2025-04-06 07:07:05,7603,32.91,43.641068,-79.385925,3
2025-04-06 07:07:10,6201,69.94,43.713729,-79.337006,7
2025-04-06 07:07:15,6273,58.31,43.713016,-79.342578,7
2025-04-06 07:07:20,4226,19.94,43.689459,-79.360789,6
2025-04-06 07:07:25,3639,24.84,43.665489,-79.351195,5
2025-04-06 07:07:30,4187,7.08,43.730494,-79.320428,9
2025-04-06 07:07:35,1350,34.95,43.693328,-79.362007,6
2025-04-06 07:07:40,3477,0.91,43.667236,-79.345466,5
2025-04-06 07:07:45,4736,32.65,43.666767,-79.351463,5
2025-04-06 07:07:50,4299,81.86,43.657466,-79.386705,0
2025-04-06 07:07:55,7906,31.38,43.674454,-79.351596,5
2025-04-06 07:08:00,6324,21.85,43.704778,-79.402297,1
2025-04-06 07:08:05,7854,20.52,43.691335,-79.361667,6
2025-04-06 07:08:10,7277,50.71,43.640842,-79.388935,3
2025-04-06 07:08:15,2354,56.82,43.668376,-79.35254,5
2025-04-06 07:08:20,8676,16.06,43.672087,-79.353514,5
2025-04-06 07:08:25,2233,53.6,43.694983,-79.358892,6
2025-04-06 07:08:30,2148,75.9,43.705928,-79.340881,7
2025-04-06 07:08:35,8713,54.02,43.721,-79.327459,8
2025-04-06 07:08:40,1255,33.96,43.662045,-79.383876,2
2025-04-06 07:08:45,1515,79.36,43.72879,-79.324228,9
2025-04-06 07:08:50,9383,6.59,43.656088,-79.381504,2
2025-04-06 07:08:55,4986,66.01,43.702691,-79.395374,1
2025-04-06 07:09:00,3488,47.43,43.68021,-79.366413,4
2025-04-06 07:09:05,7666,19.4,43.67616,-79.374346,4
2025-04-06 07:09:10,4925,49.44,43.705569,-79.344967,7
2025-04-06 07:09:15,1837,49.64,43.640801,-79.385278,3
2025-04-06 07:09:20,4787,54.97,43.660096,-79.380371,2
2025-04-06 07:09:25,9131,66.19,43.688413,-79.360806,6
2025-04-06 07:09:30,4065,30.69,43.728776,-79.321865,9
2025-04-06 07:09:35,3456,54.51,43.669897,-79.349331,5
2025-04-06 07:09:40,1217,8.08,43.703678,-79.398352,1
2025-04-06 07:09:45,9579,64.41,43.662095,-79.380133,2
2025-04-06 07:09:50,6789,52.2,43.723658,-79.332303,8
2025-04-06 07:09:55,8761,48.44,43.699315,-79.399971,1
2025-04-06 07:10:00,8892,48.34,43.682484,-79.372535,4
2025-04-06 07:10:05,6391,39.06,43.643506,-79.38883,3
2025-04-06 07:10:10,6730,67.81,43.673892,-79.34876,5
2025-04-06 07:10:15,2240,8.87,43.667191,-79.350938,5
2025-04-06 07:10:20,9953,58.71,43.722484,-79.33131,8
2025-04-06 07:10:25,2870,68.16,43.673152,-79.346483,5
2025-04-06 07:10:30,5701,28.55,43.677746,-79.366108,4
2025-04-06 07:10:35,1977,65.52,43.675524,-79.370239,4
2025-04-06 07:10:40,3450,27.45,43.707597,-79.338633,7
2025-04-06 07:10:45,3288,45.42,43.733329,-79.321381,9
2025-04-06 07:10:50,2498,12.32,43.678612,-79.374711,4
2025-04-06 07:10:55,6254,36.7,43.639668,-79.386089,3
2025-04-06 07:11:00,6703,52.62,43.680637,-79.36533,4
2025-04-06 07:11:05,1383,66.19,43.669301,-79.347084,5
2025-04-06 07:11:10,7724,28.29,43.681034,-79.373328,4
2025-04-06 07:11:15,7665,13.93,43.713657,-79.340985,7
2025-04-06 07:11:20,9120,70.78,43.639706,-79.3859,3
2025-04-06 07:11:25,8448,52.5,43.724555,-79.326461,8
2025-04-06 07:11:30,8611,44.37,43.657792,-79.383297,2
2025-04-06 07:11:35,5931,33.62,43.693128,-79.355223,6
2025-04-06 07:11:40,3290,31.79,43.696039,-79.395522,1
2025-04-06 07:11:45,5498,46.23,43.704102,-79.404032,1
2025-04-06 07:11:50,7552,16.8,43.709988,-79.34397,7
2025-04-06 07:11:55,7007,59.61,43.708577,-79.344792,7
2025-04-06 07:12:00,4853,57.79,43.687117,-79.363666,6
2025-04-06 07:12:05,7424,56.93,43.663497,-79.383313,2
2025-04-06 07:12:10,1602,30.93,43.669501,-79.349287,5
2025-04-06 07:12:15,1048,53.55,43.643481,-79.387661,3
2025-04-06 07:12:20,4803,47.2,43.720628,-79.333551,8
2025-04-06 07:12:25,7294,51.08,43.659667,-79.384752,2
2025-04-06 07:12:30,5658,95.85,43.726798,-79.318049,9
2025-04-06 07:12:35,7754,52.64,43.656942,-79.378577,2
2025-04-06 07:12:40,4088,36.72,43.657698,-79.382599,0
2025-04-06 07:12:45,6646,53.42,43.694573,-79.355206,6
2025-04-06 07:12:50,1417,52.49,43.650682,-79.378725,0
2025-04-06 07:12:55,8912,26.03,43.641348,-79.394877,3
2025-04-06 07:13:00,2812,59.12,43.70882,-79.338357,7
2025-04-06 07:13:05,4761,39.59,43.653714,-79.380967,0
2025-04-06 07:13:10,8594,49.63,43.725976,-79.316641,9
2025-04-06 07:13:15,3523,19.81,43.694011,-79.359634,6
2025-04-06 07:13:20,1759,60.91,43.694611,-79.359009,6
2025-04-06 07:13:25,9261,55.06,43.676592,-79.365339,4
2025-04-06 07:13:30,8500,47.52,43.677343,-79.370457,4
2025-04-06 07:13:35,6846,66.75,43.684676,-79.372209,4
2025-04-06 07:13:40,9737,82.47,43.698749,-79.40088,1
2025-04-06 07:13:45,7192,33.13,43.639172,-79.385353,3
2025-04-06 07:13:50,9395,60.47,43.659494,-79.384906,2
2025-04-06 07:13:55,7454,45.69,43.658628,-79.382163,2
2025-04-06 07:14:00,5000,49.29,43.652471,-79.381341,0
2025-04-06 07:14:05,9564,54.28,43.652786,-79.386638,0
2025-04-06 07:14:10,8340,77.28,43.657719,-79.382912,0
2025-04-06 07:14:15,6434,33.56,43.721077,-79.329148,8
2025-04-06 07:14:20,2122,38.57,43.674022,-79.345949,5
2025-04-06 07:14:25,6507,69.18,43.639609,-79.386491,3
2025-04-06 07:14:30,4407,28.36,43.714945,-79.336961,7
2025-04-06 07:14:35,9603,74.2,43.657503,-79.380862,2
2025-04-06 07:14:40,2244,19.3,43.710493,-79.342269,7
2025-04-06 07:14:45,2004,46.47,43.724417,-79.333542,8
2025-04-06 07:14:50,7235,24.54,43.667037,-79.346469,5
2025-04-06 07:14:55,7221,44.48,43.662213,-79.380738,2
2025-04-06 07:15:00,1254,93.91,43.635382,-79.392924,3
2025-04-06 07:15:05,8490,24.87,43.662339,-79.384675,2
2025-04-06 07:15:10,9557,40.78,43.671012,-79.353369,5
2025-04-06 07:15:15,2463,36.28,43.697048,-79.403018,1
2025-04-06 07:15:20,9612,42.87,43.699389,-79.395437,1
2025-04-06 07:15:25,4162,37.33,43.67616,-79.368274,4
2025-04-06 07:15:30,1820,66.04,43.722817,-79.33249,8
2025-04-06 07:15:35,2168,60.98,43.697024,-79.40276,1
2025-04-06 07:15:40,8433,52.92,43.726458,-79.322542,9
2025-04-06 07:15:45,6319,55.67,43.724961,-79.330889,8
2025-04-06 07:15:50,4247,32.77,43.710446,-79.336338,7
2025-04-06 07:15:55,6919,43.76,43.675717,-79.369936,4
2025-04-06 07:16:00,9649,37.19,43.729685,-79.319492,9
2025-04-06 07:16:05,9262,27.04,43.685512,-79.364214,6
2025-04-06 07:16:10,9453,27.96,43.670164,-79.348006,5
2025-04-06 07:16:15,5543,51.39,43.674981,-79.346742,5
2025-04-06 07:16:20,3424,21.03,43.682217,-79.371756,4
2025-04-06 07:16:25,4061,24.2,43.692543,-79.360382,6
2025-04-06 07:16:30,9235,0,43.675142,-79.371568,4
2025-04-06 07:16:35,8717,62.33,43.711756,-79.339121,7
2025-04-06 07:16:40,9925,45.21,43.692374,-79.364248,6
2025-04-06 07:16:45,2560,27.31,43.657052,-79.375854,2
2025-04-06 07:16:50,7787,44.95,43.69094,-79.363815,6
2025-04-06 07:16:55,2250,62.69,43.730141,-79.324507,9
2025-04-06 07:17:00,1638,21.28,43.676033,-79.365974,4
2025-04-06 07:17:05,8229,22.37,43.692556,-79.36454,6
2025-04-06 07:17:10,3054,46.87,43.650614,-79.386369,0
2025-04-06 07:17:15,9759,48.78,43.7182,-79.331852,8
2025-04-06 07:17:20,7137,43.82,43.67132,-79.349647,5
2025-04-06 07:17:25,2892,15.67,43.698216,-79.397152,1
2025-04-06 07:17:30,8669,72.82,43.69447,-79.35668,6
2025-04-06 07:17:35,9719,57.77,43.707642,-79.34202,7
2025-04-06 07:17:40,9902,83.65,43.674012,-79.346762,5
2025-04-06 07:17:45,3880,67.96,43.707005,-79.344918,7
2025-04-06 07:17:50,6587,22.67,43.652572,-79.378964,0
2025-04-06 07:17:55,4940,54.26,43.714568,-79.3358,7
2025-04-06 07:18:00,9542,28.3,43.667146,-79.347677,5
2025-04-06 07:18:05,1552,35.88,43.723081,-79.333668,8
2025-04-06 07:18:10,6190,49.21,43.708812,-79.344893,7
2025-04-06 07:18:15,8596,47.87,43.679055,-79.370266,4
2025-04-06 07:18:20,3228,48.71,43.659697,-79.380821,2
2025-04-06 07:18:25,2063,81.4,43.657603,-79.37859,0
2025-04-06 07:18:30,3700,25.31,43.690135,-79.363191,6
2025-04-06 07:18:35,1854,50.23,43.672559,-79.345812,5
2025-04-06 07:18:40,8531,45.6,43.680824,-79.372078,4
2025-04-06 07:18:45,9832,81.3,43.640228,-79.387606,3
2025-04-06 07:18:50,5735,49.96,43.697509,-79.401571,1
2025-04-06 07:18:55,9456,50.2,43.700258,-79.397046,1
2025-04-06 07:19:00,1172,42.09,43.716866,-79.334764,8
2025-04-06 07:19:05,5267,78.62,43.717111,-79.334297,8
2025-04-06 07:19:10,1091,20.27,43.688085,-79.361242,6
2025-04-06 07:19:15,1007,53.73,43.659855,-79.377091,2
2025-04-06 07:19:20,4636,80.2,43.66684,-79.346384,5
2025-04-06 07:19:25,1881,51.34,43.675028,-79.366124,4
2025-04-06 07:19:30,7234,70.58,43.690415,-79.362363,6
2025-04-06 07:19:35,5567,38.61,43.706273,-79.344308,7
2025-04-06 07:19:40,3844,61.45,43.65508,-79.381865,0
2025-04-06 07:19:45,5036,47.49,43.714377,-79.340755,7
2025-04-06 07:19:50,9891,75.39,43.711871,-79.341459,7
2025-04-06 07:19:55,6663,63.57,43.730595,-79.324748,9
2025-04-06 07:20:00,6974,45.31,43.680627,-79.370657,4
2025-04-06 07:20:05,4779,0,43.682901,-79.374478,4
2025-04-06 07:20:10,1793,42.92,43.669847,-79.354728,5
2025-04-06 07:20:15,3279,35.41,43.730541,-79.320301,9
2025-04-06 07:20:20,9878,10.85,43.674608,-79.346316,5
2025-04-06 07:20:25,2718,66.04,43.660074,-79.382234,2
2025-04-06 07:20:30,5983,43.75,43.712483,-79.341925,7
2025-04-06 07:20:35,5518,89.23,43.657576,-79.38237,2
2025-04-06 07:20:40,4732,79.04,43.693431,-79.356566,6
2025-04-06 07:20:45,2642,47.12,43.686974,-79.361589,6
2025-04-06 07:20:50,4719,62.64,43.655379,-79.381253,2
2025-04-06 07:20:55,7793,43.28,43.63905,-79.385608,3
2025-04-06 07:21:00,9321,82.93,43.709577,-79.341803,7
2025-04-06 07:21:05,6285,38.02,43.685857,-79.358771,6
2025-04-06 07:21:10,1605,46.23,43.697986,-79.40024,1
2025-04-06 07:21:15,6002,38.16,43.716161,-79.333059,8
2025-04-06 07:21:20,8104,65.1,43.65762,-79.376808,2
2025-04-06 07:21:25,4622,7.14,43.716333,-79.329106,8
2025-04-06 07:21:30,2261,34.55,43.691287,-79.358705,6
2025-04-06 07:21:35,4607,47.15,43.666633,-79.353569,5
2025-04-06 07:21:40,8441,84.71,43.706693,-79.343501,7
2025-04-06 07:21:45,4288,53.57,43.669415,-79.353208,5
2025-04-06 07:21:50,2039,86.99,43.676798,-79.373683,4
2025-04-06 07:21:55,2249,37.11,43.72442,-79.325405,8
2025-04-06 07:22:00,1717,40.54,43.686853,-79.36365,6
2025-04-06 07:22:05,2423,49.9,43.707905,-79.33585,7
2025-04-06 07:22:10,7007,38.58,43.638465,-79.394263,3
2025-04-06 07:22:15,7798,66.17,43.701754,-79.403079,1
2025-04-06 07:22:20,3717,29.6,43.691146,-79.356512,6
2025-04-06 07:22:25,4171,36.92,43.679811,-79.374556,4
2025-04-06 07:22:30,6903,41.63,43.712636,-79.341935,7
2025-04-06 07:22:35,9497,44.16,43.681533,-79.37076,4
2025-04-06 07:22:40,6033,53.45,43.644254,-79.387934,3
2025-04-06 07:22:45,1053,25.74,43.722566,-79.331093,8
2025-04-06 07:22:50,9133,48.4,43.697694,-79.395733,1
2025-04-06 07:22:55,8421,40.57,43.703936,-79.398884,1
2025-04-06 07:23:00,1900,39.54,43.656991,-79.37715,2
2025-04-06 07:23:05,3700,60.99,43.715449,-79.330169,8
2025-04-06 07:23:10,4230,25.96,43.666348,-79.350246,5
2025-04-06 07:23:15,6165,78.35,43.648203,-79.381044,0
